ano,curso,tipo,label_original,url,pasta,arquivo
2021,Tecnologia em Analise e Desenvolvimento de Sistemas,prova,Prova,https://download.inep.gov.br/enade/provas_e_gabaritos/2021_PV_tecnologia_analise_desenvolvimento_sistemas.pdf,provas,ENADE_2021_TADS_prova.pdf
2021,Tecnologia em Analise e Desenvolvimento de Sistemas,gabarito_oficial,Gabarito,https://download.inep.gov.br/enade/provas_e_gabaritos/2021_GB_tecnologia_analise_desenvolvimento_sistemas.pdf,gabaritos_oficiais,ENADE_2021_TADS_gabarito_oficial.pdf
2021,Tecnologia em Analise e Desenvolvimento de Sistemas,padrao_resposta,Padrão de resposta,https://download.inep.gov.br/enade/padrao_resposta/2021_tecnologia_em_analise_e_desenvolvimento_de_sistemas.pdf,padroes_resposta,ENADE_2021_TADS_padrao_resposta.pdf
2017,Tecnologia em Analise e Desenvolvimento de Sistemas,prova,Prova,http://download.inep.gov.br/educacao_superior/enade/provas/2017/41_TEC_ANA_DES_SIS_BAIXA.pdf,provas,ENADE_2017_TADS_prova.pdf
2017,Tecnologia em Analise e Desenvolvimento de Sistemas,gabarito_oficial,Gabarito,http://download.inep.gov.br/educacao_superior/enade/gabaritos/2017/41_CST_Analise_e_Desenvolvimento_de_Sistemas.pdf,gabaritos_oficiais,ENADE_2017_TADS_gabarito_oficial.pdf
2017,Tecnologia em Analise e Desenvolvimento de Sistemas,padrao_resposta,Padrão de resposta,http://download.inep.gov.br/educacao_superior/enade/padrao_resposta/2017/Pad_Resp_CST_em_Analise_e_Desenvolvimento_de_Sistemas.pdf,padroes_resposta,ENADE_2017_TADS_padrao_resposta.pdf
2014,Tecnologia em Analise e Desenvolvimento de Sistemas,prova,Prova,http://download.inep.gov.br/educacao_superior/enade/provas/2014/40_tecnologia_analise_desenv_sistemas.pdf,provas,ENADE_2014_TADS_prova.pdf
2014,Tecnologia em Analise e Desenvolvimento de Sistemas,gabarito_oficial,Gabarito,http://download.inep.gov.br/educacao_superior/enade/gabaritos/2014/40_gab_tecnologia_analise_desenv_sistemas.pdf,gabaritos_oficiais,ENADE_2014_TADS_gabarito_oficial.pdf
2014,Tecnologia em Analise e Desenvolvimento de Sistemas,padrao_resposta,Padrão de resposta,http://download.inep.gov.br/educacao_superior/enade/padrao_resposta/2014/padrao_resposta_tecnologia_analise_desenv_sistemas.pdf,padroes_resposta,ENADE_2014_TADS_padrao_resposta.pdf
2011,Tecnologia em Analise e Desenvolvimento de Sistemas,prova,Prova,http://download.inep.gov.br/educacao_superior/enade/provas/2011/ANALISE_E_DESENVOLVIMENTO_DE_SISTEMAS.pdf,provas,ENADE_2011_TADS_prova.pdf
2011,Tecnologia em Analise e Desenvolvimento de Sistemas,gabarito_oficial,Gabarito,http://download.inep.gov.br/educacao_superior/enade/gabaritos/2011/Enade2011_Gab_Def_Tec_Analise_Des_Sistemas.pdf,gabaritos_oficiais,ENADE_2011_TADS_gabarito_oficial.pdf
2011,Tecnologia em Analise e Desenvolvimento de Sistemas,padrao_resposta,Padrão de resposta,http://download.inep.gov.br/educacao_superior/enade/padrao_resposta/2011/TECNOLOGIA_EM_ANALISE_DESENVOLVIMENTO_SISTEMAS.pdf,padroes_resposta,ENADE_2011_TADS_padrao_resposta.pdf
2008,Tecnologia em Analise e Desenvolvimento de Sistemas,prova,Prova,http://download.inep.gov.br/download/Enade2008_RNP/TECNOLOGIA_DESENVOLVIMENTO_SISTEMAS.pdf,provas,ENADE_2008_TADS_prova.pdf
2008,Tecnologia em Analise e Desenvolvimento de Sistemas,gabarito_oficial,Gabarito,http://download.inep.gov.br/download/Enade2008_RNP/GABARITO_TECNOLOGIA_EM_ANALISE_DESENVOLVIMENTO_SISTEMAS.pdf,gabaritos_oficiais,ENADE_2008_TADS_gabarito_oficial.pdf
2008,Tecnologia em Analise e Desenvolvimento de Sistemas,padrao_resposta,Padrão de resposta,http://download.inep.gov.br/download/Enade2008_RNP/PADRAO_DE_RESPOSTA_DE_TECNOLOGIA_EM_ANALISE_DESENVOLVIMENTO_SISTEMAS.pdf,padroes_resposta,ENADE_2008_TADS_padrao_resposta.pdf
